occur_time,cluster,tenant_name,sql_id
2021-06-02 16:08:00,cluster40,tenant117,SQL3086
2021-06-04 07:30:55,cluster80,tenant138,SQL39306
2021-06-04 08:55:00,cluster80,tenant138,SQL39306
2021-06-07 20:14:24,cluster68,tenant38,SQL51126
2021-06-08 15:46:03,cluster19,tenant83,SQL67026
2021-06-22 19:05:00,cluster93,tenant57,SQL34015
2021-06-26 06:00:14,cluster1,tenant110,SQL61049
2021-06-30 14:13:00,cluster94,tenant150,SQL4326
2021-07-06 01:56:07,cluster28,tenant69,SQL59630
2021-07-08 22:06:06,cluster53,tenant32,SQL46405
2021-07-09 16:44:56,cluster75,tenant70,SQL54878
2021-07-10 21:48:28,cluster73,tenant94,SQL31973
2021-07-16 09:55:29,cluster9,tenant108,SQL55742
2021-07-16 10:27:47,cluster53,tenant63,SQL26155
2021-07-19 15:12:09,cluster9,tenant108,SQL55742
2021-07-19 19:35:12,cluster18,tenant47,SQL20638
2021-07-24 04:03:07,cluster3,tenant72,SQL47147
2021-07-28 15:22:52,cluster99,tenant13,SQL69553
2021-08-09 02:11:13,cluster99,tenant13,SQL5324
2021-08-12 10:03:16,cluster68,tenant82,SQL43391
2021-09-01 04:15:00,cluster6,tenant75,SQL68639
2021-09-01 04:15:01,cluster6,tenant75,SQL68639
2021-09-01 09:27:09,cluster101,tenant119,SQL893
2021-09-02 16:47:39,cluster90,tenant64,SQL57262
2021-09-16 14:52:49,cluster34,tenant40,SQL30123
2021-09-17 18:30:40,cluster86,tenant147,SQL13591
2021-09-18 22:19:13,cluster57,tenant78,SQL55047
2021-09-22 06:10:00,cluster65,tenant134,SQL39520
2021-09-22 11:53:59,cluster38,tenant125,SQL17793
2021-09-23 02:41:00,cluster100,tenant21,SQL8816
2021-09-23 06:28:00,cluster65,tenant134,SQL39520
2021-09-23 16:24:00,cluster100,tenant106,SQL66403
2021-09-24 02:58:00,cluster49,tenant113,SQL8418
2021-09-25 03:05:00,cluster78,tenant31,SQL53412
2021-09-25 09:55:00,cluster74,tenant60,SQL46887
2021-09-26 08:48:00,cluster64,tenant71,SQL20511
2021-09-26 09:08:00,cluster105,tenant115,SQL44706
2021-09-26 11:49:00,cluster43,tenant80,SQL59728
2021-09-26 21:03:45,cluster23,tenant136,SQL10642
2021-09-27 17:35:00,cluster64,tenant88,SQL46205
2021-09-28 12:18:00,cluster84,tenant55,SQL32541
2021-09-29 07:58:00,cluster68,tenant82,SQL38077
2021-09-29 10:09:00,cluster74,tenant60,SQL17571
2021-09-29 22:57:00,cluster100,tenant61,SQL3234
2021-09-30 01:58:00,cluster27,tenant23,SQL55316
2021-09-30 02:57:00,cluster98,tenant112,SQL5542
2021-10-01 02:13:00,cluster63,tenant8,SQL67936
2021-10-01 08:23:00,cluster68,tenant82,SQL6966
2021-10-01 11:03:00,cluster71,tenant131,SQL71720
2021-10-02 01:35:00,cluster65,tenant134,SQL39520
2021-10-02 02:28:23,cluster49,tenant113,SQL8418
2021-10-03 11:25:00,cluster43,tenant80,SQL59728
2021-10-03 20:33:00,cluster7,tenant140,SQL54374
2021-10-04 06:07:00,cluster64,tenant87,SQL65199
2021-10-05 02:40:00,cluster65,tenant134,SQL46604
2021-10-05 10:16:16,cluster104,tenant25,SQL61459
2021-10-05 10:53:16,cluster104,tenant25,SQL9463
2021-10-06 02:32:00,cluster17,tenant17,SQL7119
2021-10-06 16:19:00,cluster78,tenant31,SQL31673
2021-10-06 16:19:01,cluster78,tenant31,SQL31673
2021-10-07 02:03:00,cluster100,tenant21,SQL8816
2021-10-08 10:14:00,cluster78,tenant81,SQL34889
2021-10-08 12:01:00,cluster46,tenant1,SQL36403
2021-10-08 20:28:00,cluster64,tenant95,SQL70578
2021-10-10 04:37:00,cluster100,tenant61,SQL10999
2021-10-11 03:47:00,cluster106,tenant139,SQL6642
2021-10-11 07:57:00,cluster74,tenant60,SQL17571
2021-10-11 09:57:00,cluster65,tenant134,SQL5537
2021-10-11 18:24:00,cluster82,tenant30,SQL1222
2021-10-11 18:25:00,cluster82,tenant30,SQL1222
2021-10-12 07:07:00,cluster40,tenant2,SQL40086
2021-10-15 15:11:41,cluster22,tenant49,SQL26093
2021-10-20 09:39:06,cluster10,tenant76,SQL59360
2021-10-31 07:40:00,cluster42,tenant41,SQL12172
2021-11-02 00:03:00,cluster87,tenant149,SQL55853
2021-11-02 16:01:00,cluster56,tenant58,SQL29629
2021-11-03 02:16:00,cluster4,tenant100,SQL55420
2021-11-03 17:54:00,cluster39,tenant96,SQL63941
2021-11-07 08:00:00,cluster25,tenant144,SQL52751
2021-11-07 22:52:00,cluster39,tenant96,SQL63941
2021-11-09 02:14:00,cluster47,tenant141,SQL43428
2021-11-09 10:30:00,cluster78,tenant81,SQL8528
2021-11-09 15:11:00,cluster64,tenant146,SQL15166
2021-11-11 20:07:00,cluster4,tenant39,SQL61708
2021-11-12 06:29:00,cluster47,tenant51,SQL70576
2021-11-12 17:59:00,cluster64,tenant103,SQL32087
2021-11-14 23:47:00,cluster39,tenant96,SQL63941
2021-11-15 10:08:00,cluster76,tenant12,SQL59949
2021-11-15 16:56:00,cluster39,tenant96,SQL33257
2021-11-15 18:23:00,cluster39,tenant96,SQL63941
2021-11-15 23:03:00,cluster25,tenant144,SQL52751
2021-11-16 10:09:00,cluster64,tenant146,SQL15166
2021-11-16 17:50:00,cluster78,tenant31,SQL65185
2021-11-16 18:15:00,cluster64,tenant33,SQL63106
2021-12-07 17:33:31,cluster20,tenant148,SQL23761
2021-12-11 10:50:00,cluster7,tenant66,SQL35013
